25.03.2013;
26.03.2013;
27.03.2013;
28.03.2013;
29.03.2013;
30.03.2013;
31.03.2013;
01.04.2013;
02.04.2013;
03.04.2013;
04.04.2013;
05.04.2013;
06.04.2013;
07.04.2013;
08.04.2013;
09.04.2013;
24.06.2013;
25.06.2013;
26.06.2013;
27.06.2013;
28.06.2013;
29.06.2013;
30.06.2013;
01.07.2013;
02.07.2013;
03.07.2013;
04.07.2013;
05.07.2013;
06.07.2013;
07.07.2013;
08.07.2013;
09.07.2013;
10.07.2013;
11.07.2013;
12.07.2013;
13.07.2013;
14.07.2013;
15.07.2013;
16.07.2013;
17.07.2013;
18.07.2013;
19.07.2013;
20.07.2013;
21.07.2013;
22.07.2013;
23.07.2013;
24.07.2013;
25.07.2013;
26.07.2013;
27.07.2013;
28.07.2013;
29.07.2013;
30.07.2013;
31.07.2013;
01.08.2013;
02.08.2013;
03.08.2013;
04.10.2013;
05.10.2013;
06.10.2013;
07.10.2013;
08.10.2013;
09.10.2013;
10.10.2013;
11.10.2013;
12.10.2013;
13.10.2013;
14.10.2013;
15.10.2013;
16.10.2013;
17.10.2013;
18.10.2013;
23.12.2013;
24.12.2013;
25.12.2013;
26.12.2013;
27.12.2013;
28.12.2013;
29.12.2013;
30.12.2013;
31.12.2013;
01.01.2014;
02.01.2014;
03.01.2014;
04.01.2014;
05.01.2014;
06.01.2014;
16.04.2014;
17.04.2014;
18.04.2014;
19.04.2014;
20.04.2014;
21.04.2014;
22.04.2014;
23.04.2014;
24.04.2014;
25.04.2014;
26.04.2014;
27.04.2014;
28.04.2014;
29.04.2014;
30.04.2014;
01.05.2014;
02.05.2014;
14.07.2014;
15.07.2014;
16.07.2014;
17.07.2014;
18.07.2014;
19.07.2014;
20.07.2014;
21.07.2014;
22.07.2014;
23.07.2014;
24.07.2014;
25.07.2014;
26.07.2014;
27.07.2014;
28.07.2014;
29.07.2014;
30.07.2014;
31.07.2014;
01.08.2014;
02.08.2014;
03.08.2014;
04.08.2014;
05.08.2014;
06.08.2014;
07.08.2014;
08.08.2014;
09.08.2014;
10.08.2014;
11.08.2014;
12.08.2014;
13.08.2014;
14.08.2014;
15.08.2014;
16.08.2014;
17.08.2014;
18.08.2014;
19.08.2014;
20.08.2014;
21.08.2014;
22.08.2014;
23.08.2014;
13.10.2014;
14.10.2014;
15.10.2014;
16.10.2014;
17.10.2014;
18.10.2014;
19.10.2014;
20.10.2014;
21.10.2014;
22.10.2014;
23.10.2014;
24.10.2014;
25.10.2014;
22.12.2014;
23.12.2014;
24.12.2014;
25.12.2014;
26.12.2014;
27.12.2014;
28.12.2014;
29.12.2014;
30.12.2014;
31.12.2014;
01.01.2015;
02.01.2015;
03.01.2015;
04.01.2015;
05.01.2015;
06.01.2015;
01.04.2015;
02.04.2015;
03.04.2015;
04.04.2015;
05.04.2015;
06.04.2015;
07.04.2015;
08.04.2015;
09.04.2015;
10.04.2015;
11.04.2015;
12.04.2015;
13.04.2015;
14.04.2015;
15.04.2015;
16.04.2015;
17.04.2015;
20.07.2015;
21.07.2015;
22.07.2015;
23.07.2015;
24.07.2015;
25.07.2015;
26.07.2015;
27.07.2015;
28.07.2015;
29.07.2015;
30.07.2015;
31.07.2015;
01.08.2015;
02.08.2015;
03.08.2015;
04.08.2015;
05.08.2015;
06.08.2015;
07.08.2015;
08.08.2015;
09.08.2015;
10.08.2015;
11.08.2015;
12.08.2015;
13.08.2015;
14.08.2015;
15.08.2015;
16.08.2015;
17.08.2015;
18.08.2015;
19.08.2015;
20.08.2015;
21.08.2015;
22.08.2015;
23.08.2015;
24.08.2015;
25.08.2015;
26.08.2015;
27.08.2015;
28.08.2015;
29.08.2015;
19.10.2015;
20.10.2015;
21.10.2015;
22.10.2015;
23.10.2015;
24.10.2015;
25.10.2015;
26.10.2015;
27.10.2015;
28.10.2015;
29.10.2015;
30.10.2015;
31.10.2015;
21.12.2015;
22.12.2015;
23.12.2015;
24.12.2015;
25.12.2015;
26.12.2015;
27.12.2015;
28.12.2015;
29.12.2015;
30.12.2015;
31.12.2015;
01.01.2016;
02.01.2016;
03.01.2016;
04.01.2016;
05.01.2016;
06.01.2016;
24.03.2015;
25.03.2015;
26.03.2015;
27.03.2015;
28.03.2015;
29.03.2015;
30.03.2015;
31.03.2015;
01.04.2015;
02.04.2015;
03.04.2015;
04.04.2015;
05.04.2015;
06.04.2015;
07.04.2015;
08.04.2015;
09.04.2015;
25.07.2015;
26.07.2015;
27.07.2015;
28.07.2015;
29.07.2015;
30.07.2015;
31.07.2015;
01.08.2015;
02.08.2015;
03.08.2015;
04.08.2015;
05.08.2015;
06.08.2015;
07.08.2015;
08.08.2015;
09.08.2015;
10.08.2015;
11.08.2015;
12.08.2015;
13.08.2015;
14.08.2015;
15.08.2015;
16.08.2015;
17.08.2015;
18.08.2015;
19.08.2015;
20.08.2015;
21.08.2015;
22.08.2015;
23.08.2015;
24.08.2015;
25.08.2015;
26.08.2015;
27.08.2015;
28.08.2015;
29.08.2015;
30.08.2015;
31.08.2015;
01.09.2015;
02.09.2015;
03.09.2015;
19.10.2015;
20.10.2015;
21.10.2015;
22.10.2015;
23.10.2015;
24.10.2015;
25.10.2015;
26.10.2015;
27.10.2015;
28.10.2015;
29.10.2015;
30.10.2015;
31.10.2015;
21.12.2015;
22.12.2015;
23.12.2015;
24.12.2015;
25.12.2015;
26.12.2015;
27.12.2015;
28.12.2015;
29.12.2015;
30.12.2015;
31.12.2015;
01.01.2016;
02.01.2016;
03.01.2016;
04.01.2016;
05.01.2016;
06.01.2016;
24.03.2016;
25.03.2016;
26.03.2016;
27.03.2016;
28.03.2016;
29.03.2016;
30.03.2016;
31.03.2016;
01.04.2016;
02.04.2016;
03.04.2016;
04.04.2016;
05.04.2016;
06.04.2016;
07.04.2016;
08.04.2016;
09.04.2016;
25.07.2016;
26.07.2016;
27.07.2016;
28.07.2016;
29.07.2016;
30.07.2016;
31.07.2016;
01.08.2016;
02.08.2016;
03.08.2016;
04.08.2016;
05.08.2016;
06.08.2016;
07.08.2016;
08.08.2016;
09.08.2016;
10.08.2016;
11.08.2016;
12.08.2016;
13.08.2016;
14.08.2016;
15.08.2016;
16.08.2016;
17.08.2016;
18.08.2016;
19.08.2016;
20.08.2016;
21.08.2016;
22.08.2016;
23.08.2016;
24.08.2016;
25.08.2016;
26.08.2016;
27.08.2016;
28.08.2016;
29.08.2016;
30.08.2016;
31.08.2016;
01.09.2016;
02.09.2016;
03.09.2016;
17.10.2016;
18.10.2016;
19.10.2016;
20.10.2016;
21.10.2016;
22.10.2016;
23.10.2016;
24.10.2016;
25.10.2016;
26.10.2016;
27.10.2016;
28.10.2016;
29.10.2016;
23.12.2016;
24.12.2016;
25.12.2016;
26.12.2016;
27.12.2016;
28.12.2016;
29.12.2016;
30.12.2016;
31.12.2016;
01.01.2017;
02.01.2017;
03.01.2017;
04.01.2017;
05.01.2017;
06.01.2017;
07.04.2017;
08.04.2017;
09.04.2017;
10.04.2017;
11.04.2017;
12.04.2017;
13.04.2017;
14.04.2017;
15.04.2017;
16.04.2017;
17.04.2017;
18.04.2017;
19.04.2017;
20.04.2017;
21.04.2017;
24.07.2017;
25.07.2017;
26.07.2017;
27.07.2017;
28.07.2017;
29.07.2017;
30.07.2017;
31.07.2017;
01.08.2017;
02.08.2017;
03.08.2017;
04.08.2017;
05.08.2017;
06.08.2017;
07.08.2017;
08.08.2017;
09.08.2017;
10.08.2017;
11.08.2017;
12.08.2017;
13.08.2017;
14.08.2017;
15.08.2017;
16.08.2017;
17.08.2017;
18.08.2017;
19.08.2017;
20.08.2017;
21.08.2017;
22.08.2017;
23.08.2017;
24.08.2017;
25.08.2017;
26.08.2017;
27.08.2017;
28.08.2017;
29.08.2017;
30.08.2017;
31.08.2017;
01.09.2017;
02.09.2017;
16.10.2017;
17.10.2017;
18.10.2017;
19.10.2017;
20.10.2017;
21.10.2017;
22.10.2017;
23.10.2017;
24.10.2017;
25.10.2017;
26.10.2017;
27.10.2017;
21.12.2017;
22.12.2017;
23.12.2017;
24.12.2017;
25.12.2017;
26.12.2017;
27.12.2017;
28.12.2017;
29.12.2017;
30.12.2017;
31.12.2017;
01.01.2018;
02.01.2018;
03.01.2018;
04.01.2018;
05.01.2018;
06.01.2018;
29.03.2018;
30.03.2018;
31.03.2018;
01.04.2018;
02.04.2018;
03.04.2018;
04.04.2018;
05.04.2018;
06.04.2018;
07.04.2018;
08.04.2018;
09.04.2018;
10.04.2018;
11.04.2018;
12.04.2018;
13.04.2018;
09.07.2018;
10.07.2018;
11.07.2018;
12.07.2018;
13.07.2018;
14.07.2018;
15.07.2018;
16.07.2018;
17.07.2018;
18.07.2018;
19.07.2018;
20.07.2018;
21.07.2018;
22.07.2018;
23.07.2018;
24.07.2018;
25.07.2018;
26.07.2018;
27.07.2018;
28.07.2018;
29.07.2018;
30.07.2018;
31.07.2018;
01.08.2018;
02.08.2018;
03.08.2018;
04.08.2018;
05.08.2018;
06.08.2018;
07.08.2018;
08.08.2018;
09.08.2018;
10.08.2018;
11.08.2018;
12.08.2018;
13.08.2018;
14.08.2018;
15.08.2018;
16.08.2018;
17.08.2018;
18.08.2018;
01.10.2018;
02.10.2018;
03.10.2018;
04.10.2018;
05.10.2018;
06.10.2018;
07.10.2018;
08.10.2018;
09.10.2018;
10.10.2018;
11.10.2018;
12.10.2018;
13.10.2018;
14.10.2018;
15.10.2018;
16.10.2018;
17.10.2018;
18.10.2018;
19.10.2018;
21.12.2018;
22.12.2018;
23.12.2018;
24.12.2018;
25.12.2018;
26.12.2018;
27.12.2018;
28.12.2018;
29.12.2018;
30.12.2018;
31.12.2018;
01.01.2019;
02.01.2019;
03.01.2019;
04.01.2019;
04.04.2019;
05.04.2019;
06.04.2019;
07.04.2019;
08.04.2019;
09.04.2019;
10.04.2019;
11.04.2019;
12.04.2019;
13.04.2019;
14.04.2019;
15.04.2019;
16.04.2019;
17.04.2019;
18.04.2019;
19.04.2019;
20.04.2019;
21.04.2019;
22.04.2019;
01.07.2019;
02.07.2019;
03.07.2019;
04.07.2019;
05.07.2019;
06.07.2019;
07.07.2019;
08.07.2019;
09.07.2019;
10.07.2019;
11.07.2019;
12.07.2019;
13.07.2019;
14.07.2019;
15.07.2019;
16.07.2019;
17.07.2019;
18.07.2019;
19.07.2019;
20.07.2019;
21.07.2019;
22.07.2019;
23.07.2019;
24.07.2019;
25.07.2019;
26.07.2019;
27.07.2019;
28.07.2019;
29.07.2019;
30.07.2019;
31.07.2019;
01.08.2019;
02.08.2019;
03.08.2019;
04.08.2019;
05.08.2019;
06.08.2019;
07.08.2019;
08.08.2019;
09.08.2019;
10.08.2019;
11.08.2019